{
    "loss": 23.076942443847656,
    "accuracy": 0.5686274766921997
}