{
    "loss": 3.957504987716675,
    "accuracy": 0.45098039507865906
}